u_pct,v_ss
0.0,-0.00425703211346774
0.0,1.4651342002613
20.0,0.18549188049156373
24.54599693417549,1.5871275402513219
