K,tau,u_dead,mse,rmse,n_exp
0.3123592130056417,0.39523410581195345,15.0,6.003450532136603,2.4501939784712157,2
