K,B,C,u_dead,rmse,n_experiments
2.169284262646897,8.942172628959257,9.445325007165675,1.9312259744946587,0.16029656001687778,2
